{"cameraMode":{"drawMode":0,"name":"Shaded","section":"Shading Mode"},"sceneLighting":true,"audioPlay":false,"sceneViewState":{"showFog":true,"showMaterialUpdate":false,"showSkybox":true,"showFlares":true,"showImageEffects":true,"showParticleSystems":true},"in2DMode":false,"pivot":{"x":-4.9606757164001469,"y":7.599984169006348,"z":-14.173785209655762},"rotation":{"x":-0.21208322048187257,"y":0.4193539619445801,"z":-0.10142815858125687,"w":-0.8768553733825684},"size":22.0,"orthographic":false}