{"cameraMode":{"drawMode":0,"name":"Shaded","section":"Shading Mode"},"sceneLighting":false,"audioPlay":false,"sceneViewState":{"showFog":true,"showMaterialUpdate":false,"showSkybox":true,"showFlares":true,"showImageEffects":true,"showParticleSystems":true},"in2DMode":false,"pivot":{"x":-5.35148811340332,"y":6.159337997436523,"z":-1.396756649017334},"rotation":{"x":-0.16360461711883546,"y":0.4608291685581207,"z":-0.08686494827270508,"w":-0.8679426908493042},"size":2.020829200744629,"orthographic":false}