{"cameraMode":{"drawMode":0,"name":"Shaded","section":"Shading Mode"},"sceneLighting":false,"audioPlay":false,"sceneViewState":{"showFog":true,"showMaterialUpdate":false,"showSkybox":true,"showFlares":true,"showImageEffects":true,"showParticleSystems":true},"in2DMode":false,"pivot":{"x":-2.701953887939453,"y":3.369999885559082,"z":-6.199999809265137},"rotation":{"x":-0.23473893105983735,"y":0.05303792282938957,"z":-0.012828092090785504,"w":-0.9705256819725037},"size":2.1434128284454347,"orthographic":false}